Company Name,County,City,Status,Program,Primary Funding Agreement,Award Date,Total Project Cost,Capital Investment,Direct Assistance Awarded,Tax Benefits Awarded,Projected Jobs - Created,Projected Jobs - Retained,Projected Jobs - Other,Projected Jobs - Total,Projected Qualifying Wage,Contracted Jobs - Created,Contracted Jobs - Retained,Contracted Jobs - Other Created,Contracted Jobs - Total,Contacted Qualifying Wage,Project Completion Jobs - Created,Project Completion Jobs - Retained,Project Completion Jobs - Other Created,Project Completion Jobs - Total,Verified Total Project Cost,Project Completion Date,Reported Jobs - Created,Reported Jobs - Retained,Reported Jobs - Other Created,Reported Jobs - Total,Date Reported,Project Maintenance Date,City Coordinates
"Siculus, Inc.",Polk,Altoona,Performance Period,High Quality Jobs Program,19-HQJTC-025,05/17/2019,400000000,400000000,0,0,31,0,0,31,53.87,31,0,0,31,53.87,0,0,0,0,0.00,05/31/2022,0,0,0,0,06/30/2020,05/31/2024,POINT (-93.464609 41.64404)
INTL FCStone Inc.,Polk,West Des Moines,Maintenance Period,High Quality Jobs Program,16-HQJDF-027,12/18/2015,3000000,1400000,200000,0,50,0,0,50,26.72,26,0,0,26,26.72,26,0,0,26,19423489.00,12/31/2018,0,0,0,0,06/30/2020,12/31/2020,POINT (-93.713031 41.575505)
GELITA USA Inc.,Woodbury,Sergeant Bluff,Performance Period,High Quality Jobs Program,17-HQJDF-023,11/18/2016,22095000,22065000,105000,780000,21,0,0,21,20.17,21,0,0,21,20.17,0,0,0,0,0.00,11/30/2019,0,0,0,0,06/30/2020,11/30/2021,POINT (-96.363068 42.400299)
"Express Logistics, Inc.",Dallas,Waukee,Performance Period,High Quality Jobs Program,15-HQJDF-004,08/22/2014,1158300,1128300,130000,58000,19,0,0,19,25.52,19,0,0,19,25.52,0,0,0,0,0.00,11/30/2019,0,0,0,0,06/30/2020,11/30/2021,POINT (-93.885632 41.611984)
"Worley Warehousing, Inc.",Linn,Cedar Rapids,Performance Period,High Quality Jobs Program,20-HQJTC-011,11/22/2019,8339000,3850000,0,520000,3,0,15,18,22.27,3,0,15,18,22.27,0,0,0,0,0.00,11/30/2022,0,0,0,0,06/30/2020,11/30/2024,POINT (-91.669808 41.978122)
"T.C. and B. Corporate Wearables, Inc.",Dallas,Perry,Performance Period,High Quality Jobs Program,19-HQJTC-030,06/21/2019,2100000,2075000,0,56250,4,0,6,10,21.58,4,0,6,10,21.58,0,0,0,0,0.00,06/30/2022,0,0,0,0,06/30/2020,06/30/2024,POINT (-94.099735 41.838506)
"Custom-Pak, Inc.",Clinton,Clinton,Maintenance Period,Enterprise Zone,05-EZ-029,05/20/2005,1812720,1700000,90000,197500,30,0,0,30,11.19,30,0,0,30,11.19,30,0,0,30,4242151.00,10/31/2008,0,0,0,0,06/30/2020,10/31/2018,POINT (-90.190747 41.838935)
"Cargill Kitchen Solutions, Inc.",Cerro Gordo,Mason City,Maintenance Period,High Quality Jobs Program,17-HQJTC-046,04/21/2017,9797946,9757946,0,436451,26,0,18,44,16.79,26,0,18,44,16.79,26,0,18,44,9319035.00,04/30/2020,0,0,0,0,06/30/2020,04/30/2022,POINT (-93.201042 43.153621)
"Cambrex-Charles City, Inc.",Floyd,Charles City,Performance Period,High Quality Jobs Program,18-HQJDF-009,08/18/2017,27000000,27000000,125000,175898,29,0,0,29,16.85,29,0,0,29,16.85,0,0,0,0,0.00,08/31/2020,0,0,0,0,06/30/2020,08/31/2022,POINT (-92.672524 43.066415)
"Pioneer, A Dupont Company",Polk,Johnston,Performance Period,High Quality Jobs Program,16-HQJDF-039,02/19/2016,500500000,500000,2000000,14000000,0,500,0,500,26.72,0,500,0,500,26.72,0,0,0,0,0.00,02/28/2021,0,0,0,0,06/30/2020,02/28/2023,POINT (-93.697646 41.669319)
"Vogel Paint & Wax Company, Incorporated and Vogel Enterprises, Limited",Sioux,Orange City,Performance Period,High Quality Jobs Program,19-HQJTC-005,10/19/2018,24135705,24135705,0,2413566,69,0,85,154,20.48,69,0,85,154,20.48,0,0,0,0,0.00,10/31/2023,0,0,0,0,06/30/2020,10/31/2025,POINT (-96.056776 43.00136)
Flint Hills Resources f/k/a Hawkeye Renewables LLC,Guthrie,Menlo,Maintenance Period,Enterprise Zone,07-EZ-022,10/19/2006,135585000,128285000,0,12387000,44,0,0,44,11.65,0,0,44,44,11.65,44,0,0,44,202407222.00,10/31/2009,0,0,0,0,06/30/2020,10/31/2019,POINT (-94.407803 41.518262)
"Crossroads Cold Storage LLC, a wholly owned division of Des Moines Cold Storage Co., Inc.",Polk,Des Moines,Performance Period,High Quality Jobs Program,16-HQJTC-047,04/22/2016,16874468,16774468,0,512834,3,0,10,13,26.72,3,0,10,13,26.72,0,0,0,0,0.00,09/30/2020,0,0,0,0,06/30/2020,09/30/2022,POINT (-93.620309 41.588822)
Lincoln Savings Bank,Black Hawk,Waterloo,Performance Period,High Quality Jobs Program,20-HQJTC-014,11/22/2019,18305000,18305000,0,957500,40,0,9,49,18.49,40,0,9,49,18.49,0,0,0,0,0.00,11/30/2022,0,0,0,0,06/30/2020,11/30/2024,POINT (-92.34364 42.493469)
Atlantic Bottling Company,Scott,Walcott,Performance Period,High Quality Jobs Program,18-HQJTC-045,05/18/2018,1915000,235000,0,240900,106,0,37,143,18.30,106,0,37,143,18.30,0,0,0,0,0.00,05/31/2021,0,0,0,0,06/30/2020,05/31/2023,POINT (-90.774638 41.585841)
Zip's Truck Equipment Inc.,Chickasaw,New Hampton,Maintenance Period,Enterprise Zone,07-EZ-042,05/17/2007,4571269,2982622,60000,349078,14,3,0,17,11.54,14,3,0,17,11.54,14,3,0,17,4961966.00,05/30/2012,0,0,0,0,06/30/2020,05/30/2022,POINT (-92.308658 43.059392)
Lesaffre Yeast Corporation,Linn,Cedar Rapids,Maintenance Period,High Quality Jobs Program,15-HQJDF-058,05/22/2015,52000000,51250000,25000,1953750,8,0,22,30,23.45,8,0,22,30,23.45,8,0,22,30,57415484.00,05/31/2018,0,0,0,0,06/30/2020,05/31/2020,POINT (-91.669808 41.978122)
Rocklin Manufacturing Company,Woodbury,Sioux City,Performance Period,High Quality Jobs Program,17-HQJTC-026,11/18/2016,1396000,1394000,0,90066,0,8,0,8,20.17,0,8,0,8,20.17,0,0,0,0,0.00,11/30/2019,0,0,0,0,06/30/2020,11/30/2026,POINT (-96.406436 42.496323)
"Crystal Group, Inc.",Linn,Hiawatha,Performance Period,High Quality Jobs Program,17-HQJDF-048,04/21/2017,20850000,18600000,100000,513750,20,0,25,45,24.70,20,0,25,45,24.70,0,0,0,0,0.00,04/30/2020,0,0,0,0,06/30/2020,04/30/2022,POINT (-91.671159 42.03703)
"Weems Industries, Inc. d/b/a Legacy Manufacturing Co.",Linn,Marion,Performance Period,High Quality Jobs Program,18-HQJTC-013,08/18/2017,14300000,12300000,0,360000,1,0,12,13,24.91,1,0,12,13,24.91,0,0,0,0,0.00,08/31/2020,0,0,0,0,06/30/2020,08/31/2022,POINT (-91.587223 42.036098)
"Zoetis, Inc. and Subsidiaries",Floyd,Charles City,Performance Period,High Quality Jobs Program,18-HQJTC-023,10/20/2017,55000000,54000000,0,2499000,6,0,0,6,16.83,6,0,0,6,16.83,0,0,0,0,0.00,10/31/2021,0,0,0,0,06/30/2020,10/31/2023,POINT (-92.672524 43.066415)
"MCF Operating, LLC dba Mrs. Clark's Foods",Polk,Ankeny,Maintenance Period,High Quality Jobs Program,15-HQJTC-015,10/17/2014,5556000,5556000,0,166920,2,0,11,13,25.52,2,0,11,13,25.52,2,0,11,13,6108158.00,10/31/2018,2,0,11,13,06/30/2020,10/31/2020,POINT (-93.600414 41.72508)
"Hy-Vee, Inc.",Cherokee,Cherokee,Maintenance Period,Enterprise Zone,09-EZ-006,10/16/2008,17924000,17774000,0,1976660,12,0,0,12,11.80,12,0,0,12,11.80,12,0,0,12,13669158.00,10/31/2011,0,0,0,0,06/30/2020,10/31/2021,POINT (-95.551271 42.749674)
"IP Pathways, LLC",Polk,Urbandale,Maintenance Period,High Quality Jobs Program,14-HQJDF-034,04/18/2014,1680146,825000,240000,37500,44,0,9,53,24.32,14,0,0,14,24.32,14,0,0,14,1742703.00,04/30/2019,0,0,0,0,06/30/2020,04/30/2021,POINT (-93.736522 41.630343)
"Ashley Industrial Molding, Inc.",Fayette,Oelwein,Maintenance Period,Enterprise Zone,09-EZ-009,12/18/2008,14825000,14600000,625000,1433000,70,0,0,70,11.12,70,0,0,70,11.12,70,0,0,70,17842530.00,12/31/2011,0,0,0,0,06/30/2020,12/31/2021,POINT (-91.911989 42.678527)
"Iowa Bankers Insurance and Services, Inc.",Polk,Urbandale,Performance Period,High Quality Jobs Program,20-HQJTC-021,04/17/2020,19600000,19600000,0,710800,12,0,6,18,30.98,12,0,6,18,30.98,0,0,0,0,0.00,04/30/2023,0,0,0,0,06/30/2020,04/30/2025,POINT (-93.736522 41.630343)
"Plastipak Packaging Inc./PAK REalty, LLC",Wapello,Ottumwa,Maintenance Period,High Quality Jobs Program,15-HQJTC-039,02/20/2015,22040000,22040000,0,848835,15,0,10,25,16.67,23,0,10,33,16.67,23,0,10,33,24004533.00,02/28/2018,0,0,0,0,06/30/2020,02/28/2020,POINT (-92.413173 41.023246)
"Lee Container Corporation, Inc.",Appanoose,Centerville,Maintenance Period,Enterprise Zone,08-EZ-009,08/16/2007,7612625,5105125,0,543638,11,0,45,56,11.25,11,0,22,33,11.25,11,0,22,33,5227955.00,08/31/2010,0,0,0,0,06/30/2020,08/31/2020,POINT (-92.874161 40.732502)
K2W Precision Inc.,Sioux,Orange City,Performance Period,High Quality Jobs Program,18-HQJTC-021,10/20/2017,3495000,3445000,0,105000,5,0,0,5,19.85,5,0,5,5,19.85,0,0,0,0,0.00,10/31/2020,0,0,0,0,06/30/2020,10/31/2022,POINT (-96.056776 43.00136)
3M Company,Marion,Knoxville,Performance Period,High Quality Jobs Program,16-HQJDF-013,08/21/2015,25875000,25875000,360000,2411300,9,52,0,61,19.49,9,52,0,61,19.49,0,0,0,0,0.00,08/31/2018,0,0,0,0,06/30/2020,08/31/2020,POINT (-93.109494 41.320727)
"Associated Milk Producers, Inc.",O'Brien,Sanborn,Performance Period,High Quality Jobs Program,16-HQJDF-062,06/17/2016,16236100,16236100,37500,157800,0,0,0,0,19.44,0,9,0,9,19.44,0,0,0,0,0.00,06/30/2019,0,0,0,0,06/30/2020,06/30/2021,POINT (-95.6558 43.186036)
Advanced Heat Treat Corporation,Black Hawk,Waterloo,Performance Period,High Quality Jobs Program,18-HQJTC-038,03/23/2018,4896001,4894001,0,230880,6,0,6,12,17.29,6,0,6,12,17.29,0,0,0,0,0.00,03/31/2021,0,0,0,0,06/30/2020,03/31/2023,POINT (-92.34364 42.493469)
Accordia Life & Annuity Company and Global Atlantic Financial Company,Polk,Des Moines,Performance Period,High Quality Jobs Program,17-HQJTC-058,05/19/2017,12950000,10000000,0,775000,54,17,0,71,27.92,54,17,0,71,27.92,0,0,0,0,0.00,05/31/2020,0,0,0,0,06/30/2020,05/31/2022,POINT (-93.620309 41.588822)
Liberty Diversified International,Dickinson,Milford,Performance Period,High Quality Jobs Program,18-HQJDF-029,12/15/2017,15095000,14995000,500000,15000,100,0,0,100,16.83,100,0,0,100,16.83,0,0,0,0,0.00,12/31/2020,0,0,0,0,06/30/2020,12/31/2022,POINT (-95.151365 43.333275)
Morrison Bros. Co.,Dubuque,Dubuque,Maintenance Period,Enterprise Zone,08-EZ-036,06/19/2008,3375000,2855000,40000,593750,6,0,4,10,12.79,10,0,0,10,12.79,10,0,0,10,4751345.00,12/31/2014,0,0,0,0,06/30/2020,12/31/2024,POINT (-90.667314 42.505512)
Employers Mutual Casualty Company,Polk,Des Moines,Maintenance Period,High Quality Jobs Program,15-HQJTC-025,12/19/2014,39000000,33000000,0,2860000,0,103,35,138,25.52,0,103,35,138,25.52,0,103,35,138,46630967.00,12/31/2017,0,0,0,0,06/30/2020,12/31/2019,POINT (-93.620309 41.588822)
"Siculus, Inc.",Polk,Altoona,Performance Period,High Quality Jobs Program,13-HQJTC-040,04/23/2013,700000000,699500000,0,26000000,31,0,0,31,23.12,41,0,0,41,23.12,0,0,0,0,0.00,03/31/2023,0,0,0,0,06/30/2020,03/31/2025,POINT (-93.464609 41.64404)
"ContiTech USA, Inc.",Henry,Mount Pleasant,Performance Period,High Quality Jobs Program,17-HQJDF-047,04/21/2017,11100000,7660494,325000,483025,41,0,0,41,16.04,41,0,0,41,16.04,0,0,0,0,0.00,04/30/2020,0,0,0,0,06/30/2020,04/30/2022,POINT (-91.554839 40.965605)
"Iowa Fluid Power, Inc., Electro-Hydraulic Automation, Inc. & Blairs Buildings, LLC",Linn,Cedar Rapids,Performance Period,High Quality Jobs Program,19-HQJTC-023,03/29/2019,5750000,2750000,0,168000,8,0,4,12,21.61,8,0,4,12,21.61,0,0,0,0,0.00,03/31/2022,0,0,0,0,06/30/2020,03/31/2024,POINT (-91.669808 41.978122)
"BoDeans Cone Company, LLC",Plymouth,Le Mars,Maintenance Period,High Quality Jobs Program,15-HQJTC-059,06/19/2015,4580000,4470000,0,200000,2,0,0,2,19.87,2,0,0,2,19.87,2,0,0,2,4754057.00,06/30/2018,0,0,0,0,06/30/2020,06/30/2020,POINT (-96.173749 42.788178)
"Veyance Technologies, Inc.",Henry,Mount Pleasant,Maintenance Period,High Quality Jobs Program,16-HQJDF-054,04/22/2016,7592058,7392058,56000,394170,14,0,0,14,15.86,14,0,0,14,15.86,14,0,0,14,7043554.00,04/30/2019,0,0,0,0,06/30/2020,04/30/2021,POINT (-91.554839 40.965605)
"Upper Iowa Beef LLC f/k/a Lime Springs Beef, LLC",Howard,Lime Springs,Maintenance Period,High Quality Jobs Program,13-HQJTC-039,04/23/2013,6723000,5393000,500000,234090,50,0,0,50,17.27,7,0,43,50,17.27,7,0,43,50,9033534.00,10/31/2017,0,0,0,0,06/30/2020,10/31/2019,POINT (-92.285681 43.449017)
Eagle Engineering,Scott,Eldridge,Performance Period,High Quality Jobs Program,19-HQJTC-009,10/19/2018,7000000,7000000,0,442500,30,0,20,50,19.30,30,0,20,50,19.30,0,0,0,0,0.00,10/31/2021,0,0,0,0,06/30/2020,10/31/2023,POINT (-90.583004 41.654668)
"Clow Valve Company, Division of McWane, Inc.",Mahaska,Oskaloosa,Performance Period,High Quality Jobs Program,18-HQJTC-001,07/21/2017,13850000,13500000,0,305250,6,0,0,6,19.63,6,0,0,6,19.63,0,0,0,0,0.00,07/31/2020,0,0,0,0,06/30/2020,07/31/2022,POINT (-92.645022 41.296244)
"HSGBS, Inc. d/b/a Marion Process Solutions",Linn,Marion,Performance Period,High Quality Jobs Program,18-HQJTC-016,09/22/2017,1623000,1520000,0,67400,3,0,0,3,24.91,3,0,0,3,24.91,0,0,0,0,0.00,09/30/2020,0,0,0,0,06/30/2020,09/30/2022,POINT (-91.587223 42.036098)
"Mid-States Material Handling & Fabrication, Inc.",Story,Nevada,Performance Period,High Quality Jobs Program,18-HQJTC-054,06/22/2018,4415000,4255000,0,181900,1,0,13,14,24.20,1,0,13,14,24.20,0,0,0,0,0.00,06/30/2021,0,0,0,0,06/30/2020,06/30/2023,POINT (-93.452278 42.019648)
"Lopez Foods, Inc.",Cherokee,Cherokee,Performance Period,High Quality Jobs Program,20-HQJDF-004,12/20/2019,87563000,29563000,500000,1855000,171,6,215,392,17.40,171,6,215,392,17.40,0,0,0,0,0.00,12/31/2022,0,0,0,0,06/30/2020,12/31/2024,POINT (-95.551271 42.749674)
"Ventech Solutions, Inc.",Polk,Urbandale,Performance Period,High Quality Jobs Program,15-HQJDF-063,06/19/2015,2950000,900000,500000,0,75,0,125,200,25.52,75,0,125,200,25.52,0,0,0,0,0.00,06/30/2019,0,0,0,0,06/30/2020,06/30/2021,POINT (-93.736522 41.630343)
"Helena Industries, LLC",Polk,Des Moines,Performance Period,High Quality Jobs Program,20-HQJTC-002,07/19/2019,47000000,47000000,0,1120000,3,0,22,25,30.32,3,0,22,25,30.32,0,0,0,0,0.00,07/31/2022,0,0,0,0,06/30/2020,07/31/2024,POINT (-93.620309 41.588822)
"Edge Business Continuity Center, LLC & LightEdge Solutions, Inc.",Polk,Altoona,Performance Period,High Quality Jobs Program,16-HQJTC-048,04/22/2016,32000000,30000000,0,375000,6,0,0,6,26.72,6,0,0,6,26.72,0,0,0,0,0.00,11/30/2019,0,0,0,0,06/30/2020,11/30/2021,POINT (-93.464609 41.64404)
"ReConserve of Iowa, Inc.",Linn,Cedar Rapids,Maintenance Period,High Quality Jobs Program,16-HQJTC-066,07/22/2016,12340000,12320000,0,244800,0,0,0,0,23.62,0,0,0,0,23.62,0,0,0,0,17555795.00,07/31/2019,0,0,0,0,06/30/2020,07/31/2021,POINT (-91.669808 41.978122)
"Tyson Prepared Foods, Inc.",Pottawattamie,Council Bluffs,Performance Period,High Quality Jobs Program,17-HQJTC-038,02/17/2017,51000000,51000000,0,1053300,6,0,44,50,22.90,6,0,44,50,22.90,0,0,0,0,0.00,02/28/2020,0,0,0,0,06/30/2020,02/28/2022,POINT (-95.85436 41.258963)
"Probioferm LLC & Golden K, LLC",Polk,Urbandale,Maintenance Period,High Quality Jobs Program,16-HQJTC-006,07/17/2015,1930000,1930000,0,89560,1,0,3,4,25.52,1,0,3,4,25.52,1,0,0,1,1930416.00,07/31/2018,0,0,0,0,06/30/2020,07/31/2020,POINT (-93.736522 41.630343)
"Kreg Enterprises, Inc./Kreg Tool",Polk,Ankeny,Performance Period,High Quality Jobs Program,19-HQJTC-012,12/21/2018,34400000,34050000,0,738000,20,0,0,20,30.32,20,0,0,20,30.32,0,0,0,0,0.00,12/31/2021,0,0,0,0,06/30/2020,12/31/2023,POINT (-93.600414 41.72508)
"Diamond V Mills Inc./DV Technologies, Inc.",Linn,Cedar Rapids,Performance Period,High Quality Jobs Program,17-HQJTC-016,09/16/2016,42950000,27950000,0,1996000,16,0,0,16,24.70,16,0,0,16,24.70,0,0,0,0,0.00,09/30/2019,0,0,0,0,06/30/2020,09/30/2021,POINT (-91.669808 41.978122)
Ensoft Corp,Story,Ames,Performance Period,Entrepreneurial Ventures Assistance Financial Assistance,04-EVAFA-009,02/19/2004,550000,36000,75000,0,50,0,0,50,0.00,50,0,0,50,0.00,0,0,0,0,0.00,02/28/2006,0,0,0,0,06/30/2020,02/29/2008,POINT (-93.620181 42.026802)
"Energy Control Technologies, Inc.",Polk,Urbandale,Performance Period,High Quality Jobs Program,17-HQJDF-019,10/21/2016,506000,15000,37500,0,10,0,0,10,27.92,10,0,0,10,27.92,0,0,0,0,0.00,10/31/2019,0,0,0,0,06/30/2020,10/31/2021,POINT (-93.736522 41.630343)
"RMA Armament, Inc.",Appanoose,Centerville,Performance Period,High Quality Jobs Program,16-HQJDF-036,02/19/2016,688305,501305,34000,34550,20,0,0,20,14.42,20,0,0,20,14.42,0,0,0,0,0.00,04/30/2020,0,0,0,0,06/30/2020,04/30/2022,POINT (-92.874161 40.732502)
"CellSite Solutions, LLC and Common Ground Capital, LLC",Linn,Cedar Rapids,Performance Period,High Quality Jobs Program,20-HQJTC-008,10/18/2019,6335000,6335000,0,220000,11,0,3,14,22.27,11,0,3,14,22.27,0,0,0,0,0.00,10/31/2022,0,0,0,0,06/30/2020,10/31/2024,POINT (-91.669808 41.978122)
Liebovich/PDM Steel & Aluminum Company,Linn,Cedar Rapids,Maintenance Period,Enterprise Zone,06-EZ-015,10/20/2005,3855800,3775000,0,440000,12,0,0,12,13.07,12,0,0,12,13.07,12,0,0,12,5299182.22,10/31/2008,12,0,0,0,06/30/2020,10/31/2018,POINT (-91.669808 41.978122)
"Cottingham & Butler Insurance Service, Inc.",Dubuque,Dubuque,Maintenance Period,High Quality Jobs Program,16-HQJDF-046,04/22/2016,2365000,565000,300000,0,75,0,0,75,20.53,75,0,0,75,20.53,75,0,0,75,2453228.00,04/30/2019,0,0,0,0,06/30/2020,04/30/2021,POINT (-90.667314 42.505512)
"Source Allies, Inc.",Polk,Urbandale,Performance Period,High Quality Jobs Program,18-HQJDF-051,05/18/2018,4527800,3812000,144000,244250,36,0,0,36,29.12,36,0,0,36,29.12,0,0,0,0,0.00,05/31/2021,0,0,0,0,06/30/2020,05/31/2023,POINT (-93.736522 41.630343)
Vermeer Corporation,Marion,Pella,Performance Period,High Quality Jobs Program,19-HQJTC-026,05/17/2019,137300000,118300000,0,5790000,0,240,0,240,21.61,0,240,0,240,21.61,0,0,0,0,0.00,05/31/2022,0,0,0,0,06/30/2020,05/31/2024,POINT (-92.916445 41.408107)
ACP Inc.,Linn,Cedar Rapids,Maintenance Period,Enterprise Zone,07-EZ-033,12/21/2006,16595050,11560000,300000,873195,58,0,54,112,13.40,0,0,112,112,13.40,106,0,0,106,20907000.00,12/31/2009,0,0,0,0,06/30/2020,12/31/2019,POINT (-91.669808 41.978122)
"Warren Transport, Inc.",Black Hawk,Waterloo,Performance Period,High Quality Jobs Program,20-HQJTC-010,11/22/2019,8650000,8650000,0,77400,4,0,0,4,18.49,4,0,0,4,18.49,0,0,0,0,0.00,11/30/2022,0,0,0,0,06/30/2020,11/30/2024,POINT (-92.34364 42.493469)
Frontier Natural Products,Benton,Belle Plaine,Maintenance Period,High Quality Jobs Program,16-HQJTC-002,07/17/2015,2762000,2762000,0,49390,2,0,14,16,15.76,2,0,14,16,15.76,2,0,14,16,3501256.00,07/31/2018,0,0,0,0,06/30/2020,07/31/2020,POINT (-92.276554 41.897045)
"Vogel Paint and Wax Company, Inc. & Vogel Enterprises Limited",Sioux,Orange City,Performance Period,High Quality Jobs Program,16-HQJTC-038,02/19/2016,29900000,29900000,0,972500,3,0,46,49,20.82,3,0,46,49,20.82,0,0,0,0,0.00,02/28/2021,0,0,0,0,06/30/2020,02/28/2023,POINT (-96.056776 43.00136)
"Prestage Foods of Iowa, LLC",Wright,Eagle Grove,Maintenance Period,High Quality Jobs Program,17-HQJTC-009,08/18/2016,240000000,239250000,0,11480250,332,0,590,922,15.54,332,0,590,922,15.54,332,0,123,455,320694268.00,08/31/2019,0,0,0,0,06/30/2020,08/31/2021,POINT (-93.904497 42.664076)
"World Class Industries, Inc. and Cobb Family LLLP",Linn,Hiawatha,Performance Period,High Quality Jobs Program,18-HQJTC-043,04/20/2018,7990140,7990140,0,405500,16,0,12,28,24.91,16,0,12,28,24.91,0,0,0,0,0.00,04/30/2021,0,0,0,0,06/30/2020,04/30/2023,POINT (-91.671159 42.03703)
"165 Properties Corp. and Lely North America, Inc.",Marion,Pella,Performance Period,High Quality Jobs Program,19-HQJTC-013,12/21/2018,15705000,15705000,0,724900,15,0,15,30,21.61,15,0,15,30,21.61,0,0,0,0,0.00,12/31/2021,0,0,0,0,06/30/2020,12/31/2023,POINT (-92.916445 41.408107)
"Iowa Brewing Company, LLC",Linn,Cedar Rapids,Performance Period,High Quality Jobs Program,15-HQJTC-026,12/19/2014,2250000,2130000,0,78300,9,0,7,16,19.54,9,0,7,16,19.54,0,0,0,0,0.00,06/30/2019,0,0,0,0,06/30/2020,06/30/2021,POINT (-91.669808 41.978122)
"Google, LLC",Pottawattamie,Council Bluffs,Maintenance Period,High Quality Jobs Program,12-HQJP-051,04/20/2012,1700000000,1700000000,0,36600000,70,0,0,70,18.81,70,0,0,70,18.81,35,0,0,35,1700000000.00,04/30/2019,0,0,0,0,06/30/2020,04/30/2021,POINT (-95.85436 41.258963)
"Grace Engineered Products, Inc.",Scott,Davenport,Maintenance Period,High Quality Jobs Program,15-HQJDF-006,08/22/2014,2740000,2710000,30000,105800,8,0,0,8,17.47,8,0,3,11,17.47,8,0,3,11,4174111.00,12/31/2017,0,0,0,0,06/30/2020,12/31/2019,POINT (-90.577036 41.523527)
Siegwerk USA Co.,Polk,Des Moines,Performance Period,High Quality Jobs Program,17-HQJTC-060,05/19/2017,10000000,10000000,0,375000,0,2,0,2,27.92,0,2,0,2,27.92,0,0,0,0,0.00,05/31/2020,0,0,0,0,06/30/2020,05/31/2022,POINT (-93.620309 41.588822)
"Elite Octane LLC (fka Farmers Energy Cardinal, LLC)",Cass,Atlantic,Maintenance Period,High Quality Jobs Program,16-HQJTC-031,01/29/2016,218000000,189900000,0,4250000,45,0,4,49,18.67,45,0,4,49,18.67,45,0,3,48,241762754.00,01/31/2019,0,0,0,0,06/30/2020,01/31/2021,POINT (-95.014426 41.404006)
Freund-Vector Corporation,Linn,Marion,Performance Period,High Quality Jobs Program,18-HQJTC-032,01/19/2018,6496000,2820000,0,78390,5,0,0,5,24.91,5,0,0,5,24.91,0,0,0,0,0.00,01/31/2021,0,0,0,0,06/30/2020,01/31/2023,POINT (-91.587223 42.036098)
"Weiler, Inc.",Marion,Knoxville,Maintenance Period,Enterprise Zone,08-EZ-039,06/19/2008,875770,867770,90000,138616,29,0,1,30,14.81,30,0,0,30,14.81,30,0,0,30,939160.00,06/30/2012,0,0,0,0,06/30/2020,06/30/2021,POINT (-93.109494 41.320727)
"Wells Enterprises, Inc.",Plymouth,Le Mars,Performance Period,High Quality Jobs Program,17-HQJTC-022,10/21/2016,40446395,40446395,0,3024221,81,0,0,81,19.31,81,0,0,81,19.31,0,0,0,0,0.00,10/31/2019,0,0,0,0,06/30/2020,10/31/2021,POINT (-96.173749 42.788178)
"Continental Manufacturing Chemist, Inc.",Story,Huxley,Performance Period,High Quality Jobs Program,18-HQJDF-006,07/21/2017,9204000,6954000,600000,229320,19,0,29,48,24.12,19,0,29,48,24.12,0,0,0,0,0.00,07/31/2022,0,0,0,0,06/30/2020,07/31/2024,POINT (-93.600561 41.894263)
Shine Bros. Corp.,Clay,Spencer,Maintenance Period,High Quality Jobs Program,14-HQJTC-013,11/22/2013,3400000,1900000,0,78500,4,0,0,4,18.24,4,0,0,4,18.24,4,0,0,4,3489323.21,11/30/2018,0,0,0,0,06/30/2020,11/30/2020,POINT (-95.144697 43.141367)
Principal Life Insurance Company,Polk,Des Moines,Performance Period,High Quality Jobs Program,13-HQJTC-031,02/22/2013,284743185,278493185,0,22543216,0,1691,49,1740,23.12,0,1740,0,1740,23.12,0,0,0,0,0.00,12/31/2017,0,0,0,0,06/30/2020,12/31/2019,POINT (-93.620309 41.588822)
Future Line LLC,Linn,Cedar Rapids,Performance Period,High Quality Jobs Program,19-HQJTC-027,05/17/2019,3989500,3845000,0,188375,10,0,4,14,21.61,10,0,4,14,21.61,0,0,0,0,0.00,05/31/2022,0,0,0,0,06/30/2020,05/31/2024,POINT (-91.669808 41.978122)
"Heartland Financial USA, Inc., Dubuque Bank and Trust Company, and Roshek Property, LLC",Dubuque,Dubuque,Performance Period,High Quality Jobs Program,20-HQJTC-016,12/20/2019,9000000,9000000,0,485000,16,0,0,16,23.39,16,0,0,16,23.39,0,0,0,0,0.00,12/31/2022,0,0,0,0,06/30/2020,12/31/2024,POINT (-90.667314 42.505512)
"Medline Industries, Inc. and MRE DIA, LLC",Dubuque,Dubuque,Performance Period,High Quality Jobs Program,18-HQJTC-039,03/23/2018,19612000,19612000,0,1559840,76,0,29,105,22.37,76,0,29,105,22.37,0,0,0,0,0.00,03/31/2021,0,0,0,0,06/30/2020,03/31/2023,POINT (-90.667314 42.505512)
"Ajinomoto Animal Nutrition North America, Inc.",Monroe,Eddyville,Maintenance Period,High Quality Jobs Program,16-HQJTC-019,10/16/2015,42000000,42000000,0,1770000,10,0,0,10,15.73,10,0,0,10,15.73,10,0,0,10,43352976.00,10/31/2018,0,0,0,0,06/30/2020,10/31/2020,POINT (-92.630188 41.158178)
"Spencer NF, Inc. (formerly TJN Enterprises)",Clay,Spencer,Performance Period,High Quality Jobs Program,14-HQJTC-014,11/22/2013,12550000,10300000,0,644750,16,0,0,16,18.24,16,0,0,16,18.24,0,0,0,0,0.00,07/31/2019,0,0,0,0,06/30/2020,07/31/2021,POINT (-95.144697 43.141367)
RACOM Corporation,Marshall,Marshalltown,Performance Period,High Quality Jobs Program,19-HQJTC-015,01/25/2019,6350000,6350000,0,190000,3,0,5,8,18.51,3,0,5,8,18.51,0,0,0,0,0.00,01/31/2022,0,0,0,0,06/30/2020,01/31/2024,POINT (-92.912686 42.034679)
Orbis Corporation,Jones,Monticello,Performance Period,High Quality Jobs Program,17-HQJTC-005,04/21/2017,4700000,4700000,0,225000,2,0,0,2,16.59,2,0,0,2,16.59,0,0,0,0,0.00,04/30/2020,0,0,0,0,06/30/2020,04/30/2022,POINT (-91.187215 42.238124)
Silgan Containers Manufacturing Corporation,Webster,Fort Dodge,Maintenance Period,Enterprise Zone,07-EZ-030,12/21/2006,20410000,16360000,200000,1403750,32,0,0,32,12.05,32,0,0,32,12.05,32,0,0,32,21984653.00,12/31/2010,0,0,0,0,06/30/2020,12/31/2020,POINT (-94.169388 42.501169)
Deere & Company,Polk,Urbandale,Performance Period,High Quality Jobs Program,18-HQJTC-028,11/17/2017,32600000,32600000,0,2900000,31,20,0,51,29.12,31,20,0,51,29.12,0,0,0,0,0.00,11/30/2020,0,0,0,0,06/30/2020,11/30/2022,POINT (-93.736522 41.630343)
Pillar Technology Group LLC,Polk,Des Moines,Maintenance Period,High Quality Jobs Program,15-HQJDF-048,03/27/2015,791800,450000,200000,0,40,0,0,40,25.52,40,0,0,40,25.52,40,0,0,40,1825252.00,03/31/2018,0,0,0,0,06/30/2020,03/31/2020,POINT (-93.620309 41.588822)
Perishable Distributors of Iowa,Polk,Ankeny,Performance Period,High Quality Jobs Program,18-HQJTC-004,07/21/2017,21615000,21615000,0,529950,1,0,0,1,27.92,1,0,0,1,27.92,0,0,0,0,0.00,07/31/2020,0,0,0,0,06/30/2020,07/31/2022,POINT (-93.600414 41.72508)
"Lineage ICS, LLC (fka Iowa Cold Storage LLC)",Polk,Altoona,Performance Period,High Quality Jobs Program,17-HQJTC-027,11/18/2016,14359781,14223569,0,324115,1,0,0,1,27.92,1,0,0,1,27.92,0,0,0,0,0.00,11/30/2019,0,0,0,0,06/30/2020,11/30/2021,POINT (-93.464609 41.64404)
"VTI Architectural Products, Inc. dba Creative Composites",Butler,Clarksville,Performance Period,High Quality Jobs Program,16-HQJDF-011,07/17/2015,2878000,2878000,18000,126090,6,0,10,16,15.12,6,0,10,16,15.12,0,0,0,0,0.00,07/31/2018,0,0,0,0,06/30/2020,07/31/2020,POINT (-92.667762 42.784706)
"Applichem, Inc.",Pottawattamie,Council Bluffs,Performance Period,Targeted Jobs,20-TJWPTC-001,04/17/2020,676000,250000,0,75000,12,0,4,16,21.30,12,0,4,16,21.30,0,0,0,0,0.00,04/30/2023,0,0,0,0,06/30/2020,04/30/2025,POINT (-95.85436 41.258963)
Agri-Industrial Plastics Company,Jefferson,Fairfield,Performance Period,High Quality Jobs Program,16-HQJTC-061,06/17/2016,4700000,4700000,0,94000,3,0,0,3,15.93,3,0,0,3,15.93,0,0,0,0,0.00,06/30/2019,0,0,0,0,06/30/2020,06/30/2021,POINT (-91.965049 41.006634)
Carleton Life Support Systems Inc. d/b/a Cobham Mission Systems,Scott,Davenport,Performance Period,High Quality Jobs Program,19-HQJDF-005,02/22/2019,67703900,29697500,400000,1093810,150,0,0,150,19.30,150,0,0,150,19.30,0,0,0,0,0.00,02/28/2022,0,0,0,0,06/30/2020,02/02/2024,POINT (-90.577036 41.523527)
Power Distributors LLC,Polk,Ankeny,Maintenance Period,High Quality Jobs Program,16-HQJTC-052,04/22/2016,4428151,2200000,0,59400,1,0,24,25,26.72,1,0,24,25,26.72,1,0,17,18,4475473.00,04/30/2019,0,0,0,0,06/30/2020,04/30/2021,POINT (-93.600414 41.72508)
"Harbor Group, Inc.",Sioux,Sioux Center,Performance Period,High Quality Jobs Program,18-HQJDF-033,01/19/2018,14130000,14130000,375000,969100,50,0,0,50,19.85,50,0,0,50,19.85,0,0,0,0,0.00,01/31/2021,0,0,0,0,06/30/2020,01/31/2023,POINT (-96.175468 43.075969)
"Probioferm LLC and Golden K, LLC",Polk,Urbandale,Performance Period,High Quality Jobs Program,19-HQJTC-002,07/20/2018,6087000,5982000,0,190340,1,0,2,3,29.12,1,0,2,3,29.12,0,0,0,0,0.00,07/31/2021,0,0,0,0,06/30/2020,07/31/2023,POINT (-93.736522 41.630343)
Northern Iowa Die Casting,Dickinson,Lake Park,Performance Period,High Quality Jobs Program,13-HQJDF-045,06/21/2013,277170,277170,60000,143815,10,0,8,18,14.63,10,0,8,18,14.63,0,0,0,0,0.00,06/30/2019,0,0,0,0,06/30/2020,06/30/2021,POINT (-95.320724 43.455834)
Highway Equipment Company,Linn,Cedar Rapids,Performance Period,High Quality Jobs Program,18-HQJTC-012,08/18/2017,3302416,1353441,0,107189,14,0,0,14,24.91,14,0,0,14,24.91,0,0,0,0,0.00,08/31/2020,0,0,0,0,06/30/2020,08/31/2022,POINT (-91.669808 41.978122)
HQAA JSA LLC,Black Hawk,Waterloo,Maintenance Period,Enterprise Zone,08-EZ-007,08/16/2007,2972688,1896000,200000,212650,45,0,2,47,12.86,10,0,0,10,12.86,14,0,0,14,4767868.00,08/31/2011,0,0,0,0,06/30/2020,08/31/2021,POINT (-92.34364 42.493469)
"Keokuk Mills, LLC and Mills Carbon, LLC",Lee,Keokuk,Performance Period,High Quality Jobs Program,16-HQJDF-064,07/22/2016,6000000,4500000,1000000,230000,200,0,0,200,21.49,200,0,0,200,21.49,0,0,0,0,0.00,02/28/2021,0,0,0,0,06/30/2020,02/28/2023,POINT (-91.401855 40.413521)
"Kunkel & Associates, Inc.",Dubuque,Dubuque,Maintenance Period,High Quality Jobs Program,15-HQJDF-014,10/17/2014,2450000,2400000,128000,173000,16,0,2,18,20.06,16,0,2,18,20.06,16,0,2,18,5009037.00,10/31/2018,16,0,2,18,06/30/2020,10/31/2020,POINT (-90.667314 42.505512)
"Schumacher Company, LC",Cedar,Durant,Performance Period,High Quality Jobs Program,17-HQJDF-020,10/21/2016,4688000,4640000,50000,117600,7,0,0,7,22.49,7,0,0,7,22.49,0,0,0,0,0.00,10/31/2021,0,0,0,0,06/30/2020,10/31/2023,POINT (-90.90854 41.600302)
"Jack Henry & Associates, Inc.",Black Hawk,Cedar Falls,Maintenance Period,High Quality Jobs Program,16-HQJDF-028,02/19/2016,17631947,580000,0,309895,50,0,0,50,26.72,50,0,0,50,26.72,22,0,0,22,16482061.00,02/28/2019,0,0,0,0,06/30/2020,02/28/2021,POINT (-92.4534 42.537809)
"ePATHUSA, Inc.",Polk,West Des Moines,Performance Period,High Quality Jobs Program,17-HQJDF-001,07/22/2016,1073250,405750,40000,34545,5,0,0,5,26.72,5,0,0,5,26.72,5,0,0,0,1137820.56,07/31/2019,0,0,0,0,06/30/2020,07/19/2021,POINT (-93.713031 41.575505)
"Grip-Tite Manufacturing Co., LLC",Madison,Winterset,Performance Period,High Quality Jobs Program,20-HQJDF-002,07/19/2019,1950280,1525000,200000,0,22,0,4,26,18.87,22,0,4,26,18.87,0,0,0,0,0.00,07/31/2022,0,0,0,0,06/30/2020,07/31/2024,POINT (-94.013379 41.33449)
"Seaboard Triumph Foods, LLC",Woodbury,Sioux City,Performance Period,High Quality Jobs Program,15-HQJTC-047,05/22/2015,301383332,298430089,0,6390750,256,0,898,1154,20.66,256,0,898,1154,20.66,0,0,0,0,0.00,09/30/2020,0,0,0,0,06/30/2020,09/30/2022,POINT (-96.406436 42.496323)
Iowa Spring Manufacturing & Sales Company,Dallas,Adel,Performance Period,High Quality Jobs Program,20-HQJTC-009,10/18/2019,3193000,3193000,0,50550,0,0,0,0,30.77,0,0,0,0,30.77,0,0,0,0,0.00,10/31/2022,0,0,0,0,06/30/2020,10/31/2024,POINT (-94.01751 41.61441)
VIDA Diagnostics Inc.,Johnson,Iowa City,Maintenance Period,Entrepreneurial Ventures Assistance,06-EVA-015,11/17/2005,530000,44000,100000,0,4,0,0,4,17.79,4,0,0,4,17.79,4,0,0,4,530000.00,11/30/2007,4,0,0,4,06/30/2020,11/30/2009,POINT (-91.530128 41.66124)
"Relco Locomotives, Inc.",Monroe,Albia,Performance Period,High Quality Jobs Program,18-HQJTC-049,05/18/2018,1400000,1400000,0,79500,6,0,6,12,16.23,6,0,6,12,16.23,0,0,0,0,0.00,05/31/2021,0,0,0,0,06/30/2020,05/31/2023,POINT (-92.807111 41.026219)
"Faircast, Inc.",Jefferson,Fairfield,Performance Period,High Quality Jobs Program,18-HQJDF-007,07/21/2017,5200000,3195000,600000,255200,75,0,14,89,19.52,75,0,14,89,19.52,0,0,0,0,0.00,07/31/2020,0,0,0,0,06/30/2020,07/31/2022,POINT (-91.965049 41.006634)
"Progressive Processing, LLC",Dubuque,Dubuque,Maintenance Period,High Quality Jobs Program,14-HQJDF-012,11/22/2013,36000000,34400000,240000,2073000,24,0,67,91,19.73,24,0,67,91,19.73,24,0,67,91,31114048.00,11/30/2017,0,0,0,0,06/30/2020,11/30/2019,POINT (-90.667314 42.505512)
Freund-Vector Corporation,Linn,Marion,Maintenance Period,High Quality Jobs Program,14-HQJTC-029,03/28/2014,5310000,2160000,0,151500,12,0,0,12,22.93,10,0,0,10,22.93,10,0,0,10,4987627.00,03/31/2017,0,0,0,0,06/30/2020,03/31/2019,POINT (-91.587223 42.036098)
Vine Line Group LLC and Heeren LLC,Linn,Cedar Rapids,Performance Period,High Quality Jobs Program,17-HQJTC-039,02/17/2017,978500,300000,0,64500,2,0,20,22,24.70,2,0,20,22,24.70,0,0,0,0,0.00,02/28/2020,0,0,0,0,06/30/2020,02/28/2022,POINT (-91.669808 41.978122)
"Boehringer Ingelheim Vetmedica, Inc.",Story,Ames,Maintenance Period,High Quality Jobs Program,15-HQJTC-020,12/19/2014,11993196,2812016,0,166790,1,0,0,1,23.21,1,0,0,1,23.21,1,0,0,1,31560251.00,12/31/2018,0,0,0,0,06/30/2020,12/31/2020,POINT (-93.620181 42.026802)
Windsor Window Company & Evergreen Investments LLLP,Warren,Norwalk,Performance Period,High Quality Jobs Program,17-HQJTC-057,05/19/2017,10545858,10545858,0,536976,6,0,29,35,23.17,6,0,29,35,23.17,0,0,0,0,0.00,05/31/2020,0,0,0,0,06/30/2020,05/31/2022,POINT (-93.674074 41.497011)
"Geater Machining and Manufacturing, Co.",Buchanan,Independence,Maintenance Period,High Quality Jobs Program,16-HQJTC-017,09/18/2015,4850000,2500000,0,82250,2,0,2,4,15.53,2,0,2,4,15.53,2,0,2,4,7974640.00,09/30/2018,0,0,0,0,06/30/2020,09/30/2020,POINT (-91.891754 42.467626)
"Tyson Fresh Meats, Inc.",Black Hawk,Waterloo,Performance Period,High Quality Jobs Program,18-HQJTC-018,09/22/2017,28242500,28242500,0,2396535,245,0,0,245,17.29,245,0,0,245,17.29,0,0,0,0,0.00,09/30/2020,0,0,0,0,06/30/2020,09/30/2022,POINT (-92.34364 42.493469)
"Naturally Recycled Proteins, LLC",Hardin,Steamboat Rock,Maintenance Period,Enterprise Zone,08-EZ-030,03/20/2008,5213094,4941000,0,529913,15,0,0,15,12.72,15,0,0,15,12.72,15,0,0,15,7408885.00,03/31/2011,0,0,0,0,06/30/2020,03/31/2021,POINT (-93.062158 42.407355)
"Barilla America, Inc.",Story,Ames,Performance Period,High Quality Jobs Program,17-HQJDF-040,03/17/2017,64000000,64000000,375000,1216000,9,0,32,41,24.12,9,0,32,41,24.12,0,0,0,0,0.00,03/31/2020,0,0,0,0,06/30/2020,03/31/2022,POINT (-93.620181 42.026802)
"Beck's Superior Hybrids, Inc.",Henry,Mount Pleasant,Performance Period,High Quality Jobs Program,18-HQJTC-017,09/22/2017,10946000,10946000,0,268287,10,0,0,10,16.56,10,0,0,10,16.56,0,0,0,0,0.00,09/30/2020,0,0,0,0,06/30/2020,09/30/2022,POINT (-91.554839 40.965605)
Casey's Retail Company,Polk,Ankeny,Performance Period,High Quality Jobs Program,18-HQJTC-031,01/19/2018,34735000,34735000,0,4002000,81,0,20,101,29.12,81,0,20,101,29.12,0,0,0,0,0.00,01/31/2021,0,0,0,0,06/30/2020,01/31/2023,POINT (-93.600414 41.72508)
"Skyworks Solutions, Inc.",Linn,Cedar Rapids,Maintenance Period,High Quality Jobs Program,09-HQJC-003,08/21/2008,877432,877432,0,1000000,21,0,10,31,25.92,0,0,31,31,25.92,21,0,0,21,7414331.00,05/31/2015,21,0,10,31,06/30/2020,05/31/2017,POINT (-91.669808 41.978122)
"Apache Hose & Belting, Inc.",Linn,Cedar Rapids,Maintenance Period,High Quality Jobs Program,15-HQJDF-023,12/19/2014,7310000,7310000,75000,136800,8,0,7,15,23.45,8,0,7,15,23.45,8,0,7,15,7739828.00,12/31/2017,0,0,0,0,06/30/2020,12/31/2019,POINT (-91.669808 41.978122)
United Fire & Casualty Company,Linn,Cedar Rapids,Maintenance Period,High Quality Jobs Program,15-HQJTC-046,06/19/2015,28380750,28380750,0,1961781,46,0,4,50,23.45,46,0,4,50,23.45,46,0,4,50,45330443.00,06/30/2019,0,0,0,0,06/30/2020,06/30/2021,POINT (-91.669808 41.978122)
"Nor-Am Cold Storage, Inc.",Plymouth,Le Mars,Performance Period,High Quality Jobs Program,16-HQJTC-040,03/29/2016,17875000,17875000,0,185000,1,0,12,13,20.84,1,0,12,13,20.84,0,0,0,0,0.00,03/31/2021,0,0,0,0,06/30/2020,03/31/2023,POINT (-96.173749 42.788178)
"Donaldson Company, Inc.",Howard,Cresco,Performance Period,High Quality Jobs Program,18-HQJTC-048,05/18/2018,4742856,4742856,0,154082,6,0,0,6,19.93,6,0,0,6,19.93,0,0,0,0,0.00,05/31/2021,0,0,0,0,06/30/2020,05/31/2023,POINT (-92.120171 43.371158)
"Meridian Clinical Research, LLC",Woodbury,Sioux City,Performance Period,Targeted Jobs,20-TJWPTC-002,06/19/2020,862305,630000,0,154608,6,0,29,35,20.55,6,0,29,35,20.55,0,0,0,0,0.00,06/30/2023,0,0,0,0,06/30/2020,06/30/2025,POINT (-96.406436 42.496323)
"Mobile Track Solutions, LLC",Clayton,Elkader,Maintenance Period,Enterprise Zone,09-EZ-014,04/16/2009,8458700,5847000,0,727168,20,0,0,20,11.99,20,0,0,20,11.99,20,0,0,20,10438949.00,04/30/2012,0,0,0,0,06/30/2020,04/30/2022,POINT (-91.404448 42.854572)
"Businessolver.com, Inc.",Polk,West Des Moines,Maintenance Period,High Quality Jobs Program,16-HQJDF-034,02/19/2016,7370000,4400000,100000,220000,40,0,0,40,26.72,40,0,0,40,26.72,40,0,0,40,8289205.00,02/28/2019,0,0,0,0,06/30/2020,02/28/2021,POINT (-93.713031 41.575505)
"TPI Iowa, LLC",Jasper,Newton,Maintenance Period,Enterprise Zone,08-EZ-042,07/19/2007,36491381,23691381,1000000,2369138,259,0,245,504,12.06,259,0,245,504,12.06,259,0,245,504,80713927.00,02/17/2011,0,0,0,0,06/30/2020,02/17/2021,POINT (-93.043472 41.69558)
"Beck's Superior Hybrids, Inc.",Jasper,Colfax,Maintenance Period,High Quality Jobs Program,15-HQJDF-056,05/22/2015,15000000,14295000,200000,1098650,50,0,0,50,15.87,50,0,0,50,15.87,50,0,0,50,15882879.00,05/31/2018,0,0,0,0,06/30/2020,05/31/2020,POINT (-93.240401 41.673299)
"Rasmussen Mechanical Service, Inc.",Pottawattamie,Council Bluffs,Performance Period,High Quality Jobs Program,17-HQJTC-033,01/20/2017,6550000,6550000,0,382000,11,0,1,12,19.08,11,0,1,12,19.08,0,0,0,0,0.00,01/31/2020,0,0,0,0,06/30/2020,01/31/2022,POINT (-95.85436 41.258963)
"Barilla America, Inc.",Story,Ames,Maintenance Period,High Quality Jobs Program,15-HQJTC-031,01/16/2015,26830000,26500000,0,765090,2,0,21,23,23.21,2,0,21,23,23.21,2,0,21,23,26920219.00,01/31/2018,0,0,0,0,06/30/2020,01/31/2020,POINT (-93.620181 42.026802)
"Crown Holdings, Inc. and Subsidiaries",Dubuque,Dubuque,Performance Period,High Quality Jobs Program,20-HQJDF-001,07/19/2019,4880670,2675670,250000,239568,42,0,0,42,22.85,42,0,0,42,22.85,0,0,0,0,0.00,07/31/2022,0,0,0,0,06/30/2020,07/31/2024,POINT (-90.667314 42.505512)
Buckeye Corrugated Inc.,Black Hawk,Cedar Falls,Performance Period,High Quality Jobs Program,18-HQJTC-019,10/20/2017,13554870,13554870,0,252146,5,0,0,5,17.29,5,0,0,5,17.29,0,0,0,0,0.00,10/31/2020,0,0,0,0,06/30/2020,10/31/2022,POINT (-92.4534 42.537809)
"Tyson Fresh Meats, Inc.",Buena Vista,Storm Lake,Maintenance Period,High Quality Jobs Program,17-HQJTC-018,09/16/2016,30000000,30000000,0,1182000,8,0,0,8,18.35,8,0,0,8,18.35,8,0,0,8,35436376.00,09/30/2019,0,0,0,0,06/30/2020,09/30/2021,POINT (-95.200862 42.640945)
"Lil' Drug Store Products, Inc. & ForeFold Real Estate 1, LLC",Linn,Cedar Rapids,Performance Period,High Quality Jobs Program,17-HQJTC-054,05/19/2017,13075000,13075000,0,586000,8,0,3,11,24.70,8,0,3,11,24.70,0,0,0,0,0.00,05/31/2020,0,0,0,0,06/30/2020,05/31/2022,POINT (-91.669808 41.978122)
CJ Bio America Inc.,Webster,Fort Dodge,Performance Period,High Quality Jobs Program,18-HQJTC-027,11/17/2017,51047000,46107000,0,901430,18,0,0,18,17.56,18,0,0,18,17.56,0,0,0,0,0.00,11/30/2020,0,0,0,0,06/30/2020,11/30/2022,POINT (-94.169388 42.501169)
Farmers Edge (US) Inc.,Polk,Grimes,Performance Period,High Quality Jobs Program,18-HQJTC-011,08/18/2017,2524000,2234000,0,50380,1,0,4,5,29.12,1,0,4,5,29.12,0,0,0,0,0.00,08/31/2020,0,0,0,0,06/30/2020,08/31/2022,POINT (-93.791062 41.690307)
KLM Acquisition d/b/a Aluma LTD,Kossuth,Bancroft,Performance Period,High Quality Jobs Program,16-HQJDF-029,12/18/2015,3030000,3030000,40000,69000,6,0,12,18,19.09,6,0,12,18,19.09,0,0,0,0,0.00,12/31/2020,0,0,0,0,06/30/2020,12/31/2022,POINT (-94.217974 43.292958)
VERBIO North America Corporation,Story,Nevada,Performance Period,High Quality Jobs Program,19-HQJTC-011,11/16/2018,35000000,35000000,0,1780000,28,0,16,44,24.95,28,0,16,44,24.95,0,0,0,0,0.00,11/30/2021,0,0,0,0,06/30/2020,11/30/2023,POINT (-93.452278 42.019648)
"Dexter Laundry, Inc.",Jefferson,Fairfield,Maintenance Period,High Quality Jobs Program,16-HQJTC-056,05/20/2016,6750000,6000000,0,116250,0,0,0,0,15.93,0,0,0,0,15.93,0,0,0,0,8469869.00,05/31/2019,0,0,0,0,06/30/2020,05/31/2021,POINT (-91.965049 41.006634)
Kraft Heinz Foods Company and Subsidiaries,Cerro Gordo,Mason City,Performance Period,High Quality Jobs Program,19-HQJTC-028,05/17/2019,62800000,61300000,0,232500,32,0,0,32,26.35,32,0,0,32,26.35,0,0,0,0,0.00,05/31/2022,0,0,0,0,06/30/2020,05/31/2024,POINT (-93.201042 43.153621)
Hydrite Chemical Company,Black Hawk,Waterloo,Maintenance Period,High Quality Jobs Program,16-HQJTC-050,04/22/2016,15896400,15863400,0,791795,11,0,0,11,16.79,11,0,0,11,16.79,11,0,0,11,30276540.00,04/30/2019,0,0,0,0,06/30/2020,04/30/2021,POINT (-92.34364 42.493469)
American Natural Processors (fka Maple River),Ida,Galva,Maintenance Period,Enterprise Zone,07-EZ-031,12/21/2006,14860000,11160000,400000,1223919,12,0,1,13,11.85,0,0,13,13,11.85,13,0,0,13,14860000.00,12/31/2013,13,0,0,13,06/30/2020,12/31/2023,POINT (-95.417231 42.503831)
"MMIS Holdings LLC d/b/a Midwest Mechanical Industrial Services, LLC",Harrison,Logan,Performance Period,High Quality Jobs Program,20-HQJTC-007,10/18/2019,2735000,2735000,0,167000,18,0,0,18,21.00,18,0,0,18,21.00,0,0,0,0,0.00,10/31/2022,0,0,0,0,06/30/2020,10/31/2024,POINT (-95.78915 41.643067)
"Transco Railway Products, Inc.",Fayette,Oelwein,Maintenance Period,High Quality Jobs Program,15-HQJDF-009,08/22/2014,14925640,14925640,280000,627702,31,0,0,31,13.55,54,0,0,54,13.55,56,0,0,56,14993258.00,08/31/2017,0,0,0,0,06/30/2020,08/31/2019,POINT (-91.911989 42.678527)
"Rockfarm Holdings, Inc.",Dubuque,Dubuque,Performance Period,High Quality Jobs Program,14-HQJDF-025,02/21/2014,2509000,2179000,336000,62400,48,0,0,48,19.73,48,0,0,48,19.73,0,0,0,0,0.00,02/28/2020,0,0,0,0,06/30/2020,02/28/2022,POINT (-90.667314 42.505512)
"Tyson Fresh Meats, Inc.",Dallas,Perry,Performance Period,High Quality Jobs Program,18-HQJTC-036,05/18/2018,43758863,43758863,0,674326,0,0,0,0,24.85,0,0,0,0,24.85,0,0,0,0,0.00,05/31/2021,0,0,0,0,06/30/2020,05/31/2023,POINT (-94.099735 41.838506)
Silgan Containers Manufacturing Corp.,Des Moines,Burlington,Maintenance Period,High Quality Jobs Program,15-HQJDF-041,02/20/2015,101650000,96400000,550000,3750000,110,0,10,120,14.73,110,0,10,120,14.73,110,0,10,120,102400000.00,02/28/2018,0,0,0,0,06/30/2020,02/28/2020,POINT (-91.101278 40.81059)
IMT Insurance Company,Dallas,West Des Moines,Performance Period,High Quality Jobs Program,17-HQJTC-025,11/18/2016,36651100,36651100,0,1519305,15,0,18,33,27.92,15,0,18,33,27.92,0,0,0,0,0.00,11/30/2019,0,0,0,0,06/30/2020,11/30/2021,POINT (-93.713031 41.575505)
Sioux-Preme Packing Co.,Sioux,Sioux Center,Performance Period,High Quality Jobs Program,19-HQJTC-003,08/17/2018,27000000,27000000,0,813825,10,0,40,50,20.41,10,0,40,50,20.41,0,0,0,0,0.00,08/31/2021,0,0,0,0,06/30/2020,08/31/2023,POINT (-96.175468 43.075969)
GMT Corporation,Bremer,Waverly,Performance Period,130% Component,11-130-034,06/16/2011,32367625,29862625,250000,1591050,32,0,2,34,20.00,32,0,2,34,20.00,0,0,0,0,0.00,06/30/2018,0,0,0,0,06/30/2020,06/30/2020,POINT (-92.475648 42.725714)
"TrueNorth Companies, LC and TrueNorth Real Estate, LC",Linn,Cedar Rapids,Maintenance Period,High Quality Jobs Program,16-HQJTC-022,10/16/2015,3938327,3735327,0,205676,57,0,0,57,23.62,57,0,0,57,23.62,39,0,0,39,5131266.00,07/31/2019,0,0,0,0,06/30/2020,07/31/2021,POINT (-91.669808 41.978122)
"Cargill, Incorporated",Monroe,Eddyville,Performance Period,High Quality Jobs Program,20-HQJTC-005,09/20/2019,128300000,125000000,0,3809500,17,0,0,17,17.46,17,0,0,17,17.46,0,0,0,0,0.00,09/30/2022,0,0,0,0,06/30/2020,09/30/2024,POINT (-92.630188 41.158178)
"Fidelity & Guaranty Life Business Services, Inc. and Fidelity & Guaranty Life Insurance Company",Polk,Des Moines,Performance Period,High Quality Jobs Program,20-HQJTC-018,12/20/2019,9423506,5617017,0,227478,53,0,7,60,30.98,53,0,7,60,30.98,0,0,0,0,0.00,12/31/2022,0,0,0,0,06/30/2020,12/31/2024,POINT (-93.620309 41.588822)
"Nutriom, L.L.C., Crystal Freeze Dry, LLC and Panora Foods, LLC",Guthrie,Panora,Performance Period,High Quality Jobs Program,17-HQJDF-042,04/21/2017,7704000,6504000,150000,217500,17,0,13,30,19.92,17,0,13,30,19.92,0,0,0,0,0.00,04/30/2020,0,0,0,0,06/30/2020,04/30/2022,POINT (-94.364376 41.691752)
Meredith Corporation,Polk,Des Moines,Performance Period,High Quality Jobs Program,18-HQJTC-040,03/23/2018,20600000,8600000,0,460000,41,0,0,41,29.12,41,0,0,41,29.12,0,0,0,0,0.00,03/31/2021,0,0,0,0,06/30/2020,03/31/2023,POINT (-93.620309 41.588822)
"Martin Brothers Distributing Co., Inc. and Martin Realty Company, LLC",Black Hawk,Cedar Falls,Maintenance Period,High Quality Jobs Program,16-HQJTC-005,07/17/2015,16148000,16148000,0,1267680,16,0,19,35,19.13,16,0,19,35,19.13,16,0,19,35,18645193.00,07/31/2018,0,0,0,0,06/30/2020,07/31/2020,POINT (-92.4534 42.537809)
Microsoft Corporation,Warren,West Des Moines,Performance Period,High Quality Jobs Program,17-HQJTC-006,07/22/2016,417700000,41770000,0,4725000,11,0,46,57,27.92,11,0,46,57,27.92,0,0,0,0,0.00,07/01/2021,0,0,0,0,06/30/2020,07/01/2023,POINT (-93.713031 41.575505)
Midland National Life Insurance Company and North American Company for Life and Health Insurance (Sammons),Dallas,West Des Moines,Performance Period,High Quality Jobs Program,19-HQJTC-016,01/25/2019,95000000,95000000,0,5206000,125,0,0,125,30.32,125,0,0,125,30.32,0,0,0,0,0.00,01/31/2023,0,0,0,0,06/30/2020,01/31/2025,POINT (-93.713031 41.575505)
"Templeton Rye Spirits, LLC",Carroll,Templeton,Performance Period,High Quality Jobs Program,17-HQJTC-017,10/21/2016,33945671,33926811,0,1953391,18,0,9,27,19.79,18,0,9,27,19.79,0,0,0,0,0.00,10/31/2019,0,0,0,0,06/30/2020,10/31/2021,POINT (-94.941728 41.918493)
"Dupaco Voices LLC; Dupaco RE Management LLC; Dupaco Holding, LLC; Dupaco Community Credit Union",Dubuque,Dubuque,Performance Period,High Quality Jobs Program,19-HQJTC-018,02/22/2019,32436630,32436630,0,750000,20,0,20,40,19.04,20,0,20,40,19.04,0,0,0,0,0.00,02/28/2022,0,0,0,0,06/30/2020,02/28/2024,POINT (-90.667314 42.505512)
"Cambrex Charles City, Inc.",Floyd,Charles City,Maintenance Period,Enterprise Zone,07-EZ-012,09/21/2006,11161154,3145000,165000,1143750,22,11,0,33,11.27,21,0,0,21,11.27,21,0,0,21,12635233.00,09/30/2009,0,0,0,0,06/30/2020,09/30/2019,POINT (-92.672524 43.066415)
"Hormel Foods Corporation and Progressive Processing, LLC",Dubuque,Dubuque,Performance Period,High Quality Jobs Program,20-HQJTC-006,09/20/2019,13006400,13006400,0,575706,14,0,44,58,23.39,14,0,44,58,23.39,0,0,0,0,0.00,09/30/2022,0,0,0,0,06/30/2020,09/30/2024,POINT (-90.667314 42.505512)
"AB(MC)2, LLC & Rite-Hite Holding Corporation",Dubuque,Dubuque,Maintenance Period,High Quality Jobs Program,16-HQJDF-055,05/20/2016,8920446,8895446,44000,251338,11,0,13,24,20.53,11,0,13,24,20.53,11,0,13,24,8920446.00,05/31/2019,0,0,0,0,06/30/2020,05/31/2021,POINT (-90.667314 42.505512)
Geater Machining & Manufacturing Co.,Buchanan,Independence,Performance Period,High Quality Jobs Program,18-HQJTC-002,07/21/2017,7800000,1000000,0,125000,1,0,5,6,16.53,1,0,5,6,16.53,0,0,0,0,0.00,07/31/2020,0,0,0,0,06/30/2020,07/31/2022,POINT (-91.891754 42.467626)
"Gavilon Ingredients, LLC",Pottawattamie,Council Bluffs,Maintenance Period,High Quality Jobs Program,14-HQJTC-030,03/28/2014,4550000,4550000,0,234000,9,0,2,11,19.75,9,0,2,11,19.75,7,0,0,7,7757238.00,03/31/2019,0,0,0,0,06/30/2020,03/31/2021,POINT (-95.85436 41.258963)
Compressor Controls Corporation,Polk,Urbandale,Performance Period,High Quality Jobs Program,17-HQJDF-061,06/16/2017,5517000,434000,32500,0,0,82,0,82,27.92,0,82,0,82,27.92,0,0,0,0,0.00,06/30/2020,0,0,0,0,06/30/2020,06/30/2022,POINT (-93.736522 41.630343)
Nestle Purina PetCare Company,Clinton,Clinton,Performance Period,High Quality Jobs Program,20-HQJTC-020,02/21/2020,140000000,140000000,0,5100000,73,0,0,73,16.63,73,0,0,73,16.63,0,0,0,0,0.00,02/28/2023,0,0,0,0,06/30/2020,02/28/2025,POINT (-90.190747 41.838935)
"Van Meter, Inc.",Linn,Cedar Rapids,Performance Period,High Quality Jobs Program,18-HQJTC-052,05/18/2018,4700000,4700000,0,126000,3,0,18,21,24.91,3,0,18,21,24.91,0,0,0,0,0.00,05/31/2021,0,0,0,0,06/30/2020,05/31/2023,POINT (-91.669808 41.978122)
"Krause Group, Ltd.",Polk,Des Moines,Performance Period,High Quality Jobs Program,16-HQJTC-012,08/21/2015,151000000,15100000,0,18590000,90,11,0,101,25.52,90,11,0,101,25.52,0,0,0,0,0.00,08/31/2021,0,0,0,0,06/30/2020,08/31/2023,POINT (-93.620309 41.588822)
"Rosenboom Machine & Tool, Inc.",Sioux,Sheldon,Performance Period,High Quality Jobs Program,16-HQJTC-059,05/20/2016,16620000,16125000,0,894700,17,0,37,54,19.44,17,0,37,54,19.44,0,0,0,0,0.00,05/31/2019,0,0,0,0,06/30/2020,05/31/2021,POINT (-95.844999 43.186006)
Archer Daniels Midland Company,Clinton,Clinton,Performance Period,High Quality Jobs Program,18-HQJTC-034,02/16/2018,178400000,17840000,0,8074000,0,42,0,42,15.99,0,42,0,42,15.99,0,0,0,0,0.00,02/28/2022,0,0,0,0,06/30/2020,02/28/2024,POINT (-90.190747 41.838935)
Sterilite Corporation,Scott,Davenport,Performance Period,High Quality Jobs Program,17-HQJDF-034,01/20/2017,73000000,73000000,511000,3600000,100,0,400,500,18.74,100,0,400,500,18.74,0,0,0,0,0.00,01/31/2023,0,0,0,0,06/30/2020,01/31/2025,POINT (-90.577036 41.523527)
Alter Trading Corporation,Scott,Davenport,Maintenance Period,High Quality Jobs Program,15-HQJTC-030,01/16/2015,6700000,5995500,0,160225,4,0,9,13,17.47,4,0,9,13,17.47,4,0,9,13,6728719.00,01/31/2018,0,0,0,0,06/30/2020,01/31/2020,POINT (-90.577036 41.523527)
"Wells Enterprises, Inc.",Plymouth,Le Mars,Maintenance Period,High Quality Jobs Program,16-HQJTC-016,08/21/2015,19300000,19300000,0,644400,11,0,8,19,20.84,11,0,8,19,20.84,11,0,8,19,22141646.00,08/31/2018,0,0,0,0,06/30/2020,08/31/2020,POINT (-96.173749 42.788178)
"HUSCO International, Inc.",Jackson,Maquoketa,Maintenance Period,Enterprise Zone,08-EZ-029,03/26/2008,21397163,12800000,800000,1302125,71,0,49,120,9.70,81,0,0,81,9.70,81,0,0,81,23893891.00,03/31/2012,81,0,0,81,06/30/2020,12/31/2017,POINT (-90.662925 42.069219)
"CIVCO Medical Instruments Company, Inc.",Johnson,Coralville,Performance Period,High Quality Jobs Program,17-HQJDF-041,03/17/2017,867861,450000,100000,64914,13,0,7,20,24.19,13,0,7,20,24.19,0,0,0,0,0.00,03/31/2020,0,0,0,0,06/30/2020,03/31/2022,POINT (-91.577768 41.672677)
Microsoft Corporation,Dallas,West Des Moines,Performance Period,High Quality Jobs Program,13-HQJTC-046,06/21/2013,679141818,679141818,0,20366000,24,0,5,29,23.12,28,0,14,42,23.12,0,0,0,0,0.00,06/30/2020,0,0,0,0,06/30/2020,06/30/2022,POINT (-93.713031 41.575505)
"Cambrex-Charles City, Inc.",Floyd,Charles City,Maintenance Period,High Quality Jobs Program,15-HQJTC-024,01/16/2015,66698606,52826000,0,1330020,32,0,0,32,14.93,32,0,0,32,14.93,32,0,0,32,67015967.00,01/31/2019,0,0,0,0,06/30/2020,01/31/2021,POINT (-92.672524 43.066415)
Kraft Heinz Foods Company,Scott,Davenport,Maintenance Period,High Quality Jobs Program,16-HQJDF-021,11/05/2015,203000000,163000000,3000000,1750000,0,261,0,261,17.84,0,261,0,0,17.84,0,261,0,261,245121098.00,11/30/2018,0,0,0,0,06/30/2020,11/30/2020,POINT (-90.577036 41.523527)
Timberline Manufacturing,Linn,Marion,Performance Period,High Quality Jobs Program,18-HQJTC-041,03/23/2018,11850000,11750000,0,222000,6,0,50,56,24.91,6,0,50,56,24.91,0,0,0,0,0.00,03/31/2021,0,0,0,0,06/30/2020,03/31/2023,POINT (-91.587223 42.036098)
"Global Fiberglass Solutions, Inc.",Jasper,Newton,Performance Period,High Quality Jobs Program,18-HQJTC-014,09/22/2017,7500000,6150000,0,207500,30,0,27,57,18.12,30,0,27,57,18.12,0,0,0,0,0.00,09/30/2020,0,0,0,0,06/30/2020,09/30/2022,POINT (-93.043472 41.69558)
"Cottingham & Butler Insurance Services, Inc.",Dubuque,Dubuque,Performance Period,High Quality Jobs Program,18-HQJDF-024,10/20/2017,2300000,2300000,80000,141000,20,0,0,20,22.37,20,0,0,20,22.37,0,0,0,0,0.00,10/31/2020,0,0,0,0,06/30/2020,10/31/2022,POINT (-90.667314 42.505512)
Genencor - A Danisco Company,Linn,Cedar Rapids,Maintenance Period,Enterprise Zone,08-EZ-022,01/17/2008,3846225,2850000,100000,337500,19,0,1,20,14.24,20,0,0,20,14.24,20,0,0,20,4512855.00,01/31/2011,0,0,0,0,06/30/2020,01/31/2021,POINT (-91.669808 41.978122)
"Kooima Company, Inc.",Sioux,Rock Valley,Performance Period,High Quality Jobs Program,16-HQJTC-065,06/17/2016,12100000,12100000,0,121000,0,0,0,0,19.28,0,0,0,0,19.28,0,0,0,0,0.00,06/30/2019,0,0,0,0,06/30/2020,06/30/2021,POINT (-96.298013 43.199972)
"WebFilings, LLC",Story,Ames,Maintenance Period,High Quality Jobs Program,14-HQJTC-009,10/18/2013,78240000,15500000,5000000,500000,700,0,0,700,22.01,111,0,0,111,22.01,111,0,0,111,242702869.00,10/31/2018,0,0,0,0,06/30/2020,10/31/2020,POINT (-93.620181 42.026802)
"Lomont Molding, LLC",Henry,Mount Pleasant,Performance Period,High Quality Jobs Program,17-HQJTC-051,04/21/2017,2649000,2649000,0,84450,2,0,0,2,16.04,2,0,0,2,16.04,0,0,0,0,0.00,04/30/2020,0,0,0,0,06/30/2020,04/30/2022,POINT (-91.554839 40.965605)
Harvest International,Cherokee,Cherokee,Maintenance Period,Enterprise Zone,07-EZ-044,06/13/2007,1093000,708000,0,82425,26,0,0,26,11.33,0,0,26,26,11.33,26,0,0,26,4713374.00,06/30/2010,0,0,0,0,06/30/2020,01/30/2020,POINT (-95.551271 42.749674)
HNI Corporation,Muscatine,Muscatine,Maintenance Period,High Quality Jobs Program,16-HQJTC-035,02/19/2016,26864668,17824413,0,579523,0,175,0,175,17.60,0,175,0,175,17.60,0,175,0,175,40840147.00,02/28/2019,0,0,0,0,06/30/2020,02/28/2021,POINT (-91.044853 41.420448)
Apple Inc.,Dallas,Waukee,Performance Period,High Quality Jobs Program,18-HQJTC-008,08/24/2017,1375000000,1330000000,0,19650000,50,0,0,50,29.12,50,0,0,50,29.12,0,0,0,0,0.00,08/31/2027,0,0,0,0,06/30/2020,08/31/2029,POINT (-93.885632 41.611984)
"Latham Pool Products, Inc.",Clinton,De Witt,Performance Period,High Quality Jobs Program,17-HQJTC-034,01/20/2017,2852000,2140000,0,53040,3,0,20,23,18.36,5,0,0,5,18.36,0,0,0,0,0.00,08/31/2020,0,0,0,0,06/30/2020,08/31/2022,POINT (-90.548027 41.824275)
Swiss Valley Farms Company,Clayton,Monona,Maintenance Period,High Quality Jobs Program,15-HQJDF-019,11/21/2014,20621340,20621340,465000,543040,4,89,6,99,13.70,4,89,6,99,13.70,4,89,6,99,21046484.00,11/30/2017,0,0,0,0,06/30/2020,11/30/2019,POINT (-91.389888 43.051867)
"Cottingham & Butler Insurance Services, Inc.",Dubuque,Dubuque,Performance Period,High Quality Jobs Program,20-HQJTC-015,12/20/2019,8200000,7900000,0,438000,16,0,0,16,23.39,16,0,0,16,23.39,0,0,0,0,0.00,12/31/2022,0,0,0,0,06/30/2020,12/31/2024,POINT (-90.667314 42.505512)
JEDA Polymers LLC,Delaware,Dyersville,Performance Period,High Quality Jobs Program,14-HQJDF-024,03/28/2014,3302500,3282500,120000,219625,21,0,4,25,17.20,21,0,4,25,17.20,0,0,0,0,0.00,12/31/2019,0,0,0,0,06/30/2020,12/31/2021,POINT (-91.121531 42.484597)
Daimler Trucks North America LLC,Polk,Grimes,Maintenance Period,High Quality Jobs Program,17-HQJTC-029,12/16/2016,10820000,6450000,0,662100,6,0,37,43,27.92,6,0,37,43,27.92,6,0,37,43,8740987.00,12/31/2019,0,0,0,0,06/30/2020,12/31/2021,POINT (-93.791062 41.690307)
"Continental Carbonic Products, Inc.",Crawford,Denison,Performance Period,High Quality Jobs Program,18-HQJDF-047,05/18/2018,19080000,19080000,125000,1054630,40,0,0,40,16.54,40,0,0,40,16.54,0,0,0,0,0.00,05/31/2021,0,0,0,0,06/30/2020,05/31/2023,POINT (-95.348108 42.012394)
"Elkhart Plastics of Iowa, Inc. and Elkhart Plastics, Inc.",Cass,Atlantic,Performance Period,High Quality Jobs Program,19-HQJTC-010,11/16/2018,1000000,1000000,0,53000,100,0,0,100,15.95,100,0,0,100,15.95,0,0,0,0,0.00,11/30/2021,0,0,0,0,06/30/2020,11/30/2023,POINT (-95.014426 41.404006)
"Hy-Vee, Inc.",Polk,West Des Moines,Performance Period,High Quality Jobs Program,15-HQJTC-044,03/27/2015,74535011,70335011,0,7502750,102,0,0,102,25.52,102,0,0,102,25.52,0,0,0,0,0.00,03/31/2020,0,0,0,0,06/30/2020,03/31/2022,POINT (-93.713031 41.575505)
"Shearer's Foods Burlington, LLC and Shearer's Food LLC",Des Moines,Burlington,Maintenance Period,High Quality Jobs Program,15-HQJTC-013,09/19/2014,33016400,33016400,0,187158,6,0,77,83,14.73,6,0,77,83,14.73,6,0,0,6,38323294.67,09/30/2017,83,0,0,0,06/30/2020,09/30/2019,POINT (-91.101278 40.81059)
Cedar Crest Manufacturing,Linn,Cedar Rapids,Maintenance Period,Enterprise Zone,09-EZ-013,02/19/2009,901611,844661,0,81266,37,0,1,38,14.69,16,0,0,16,14.69,16,0,0,16,859042.00,02/28/2013,0,0,0,0,06/30/2020,02/28/2023,POINT (-91.669808 41.978122)
"Cargill, Incorporated",Monroe,Eddyville,Performance Period,High Quality Jobs Program,20-HQJTC-023,05/22/2020,233000000,210000000,0,6000000,14,0,0,14,17.46,14,0,0,14,17.46,0,0,0,0,0.00,05/31/2023,0,0,0,0,06/30/2020,05/31/2025,POINT (-92.630188 41.158178)
Lewis Machine & Tool Company,Scott,Eldridge,Performance Period,High Quality Jobs Program,17-HQJDF-053,05/19/2017,9449110,7299110,250000,801955,50,0,128,178,18.74,50,0,128,178,18.74,0,0,0,0,0.00,05/31/2020,0,0,0,0,06/30/2020,05/31/2022,POINT (-90.583004 41.654668)
"Cedar Ridge Vineyard, LLC",Johnson,Swisher,Performance Period,High Quality Jobs Program,18-HQJTC-026,11/17/2017,2000000,2000000,0,86250,6,0,0,6,24.32,6,0,0,6,24.32,0,0,0,0,0.00,11/30/2020,0,0,0,0,06/30/2020,11/30/2022,POINT (-91.693021 41.847543)
ConAgra Foods,Black Hawk,Waterloo,Maintenance Period,High Quality Jobs Program,15-HQJTC-049,05/22/2015,50000000,50000000,0,3935000,57,0,0,57,19.13,57,0,0,57,19.13,57,0,0,57,67590051.00,05/31/2018,0,0,0,0,06/30/2020,05/31/2020,POINT (-92.34364 42.493469)
"Electrical Power Products, Inc. and Electro Management Corp.",Polk,Des Moines,Maintenance Period,High Quality Jobs Program,16-HQJTC-030,01/29/2016,20560333,20560333,0,648103,7,0,0,7,26.72,7,0,0,7,26.72,7,0,0,7,22082602.00,01/31/2019,0,0,0,0,06/30/2020,01/31/2021,POINT (-93.620309 41.588822)
Crystal Distribution Services Inc.,Black Hawk,Waterloo,Performance Period,High Quality Jobs Program,18-HQJTC-010,08/18/2017,5500000,5500000,0,136500,1,0,0,1,17.29,1,0,0,1,17.29,0,0,0,0,0.00,08/31/2020,0,0,0,0,06/30/2020,08/31/2022,POINT (-92.34364 42.493469)
Hearth & Home Technologies LLC,Henry,Mount Pleasant,Performance Period,High Quality Jobs Program,17-HQJTC-024,11/18/2016,7719700,7719700,0,414831,6,0,22,28,16.04,6,0,22,28,16.04,0,0,0,0,0.00,11/30/2019,0,0,0,0,06/30/2020,11/30/2021,POINT (-91.554839 40.965605)
"POET Project Liberty, LLC",Palo Alto,Emmetsburg,Maintenance Period,Enterprise Zone,09-EZ-002,09/18/2008,231100000,217000000,400000,4600000,35,0,0,35,10.95,35,0,0,35,10.95,35,0,0,35,299873280.00,06/30/2014,0,0,0,0,06/30/2020,06/30/2024,POINT (-94.681435 43.112898)
Platinum Ethanol LLC,Ida,Arthur,Maintenance Period,Enterprise Zone,07-EZ-029,12/21/2006,176350000,158000000,0,11175000,41,0,0,41,11.85,41,0,0,41,11.85,41,0,0,41,176372952.00,12/31/2009,0,0,0,0,06/30/2020,12/31/2019,POINT (-95.346051 42.333932)
"Excell Marketing, L.C.",Polk,Des Moines,Maintenance Period,High Quality Jobs Program,16-HQJTC-049,04/22/2016,5350000,5350000,0,332000,11,0,47,58,26.72,11,0,47,58,26.72,11,0,47,58,7555169.00,04/30/2019,0,0,0,0,06/30/2020,04/30/2021,POINT (-93.620309 41.588822)
"Vspec, LLC & Building A, LLC",Linn,Cedar Rapids,Performance Period,High Quality Jobs Program,16-HQJTC-041,03/29/2016,3675000,3675000,0,240000,21,0,9,30,23.62,21,0,9,30,23.62,0,0,0,0,0.00,03/31/2021,0,0,0,0,06/30/2020,03/31/2023,POINT (-91.669808 41.978122)
"Quality Refrigerated Services, Inc.",Clay,Spencer,Maintenance Period,High Quality Jobs Program,15-HQJTC-061,06/19/2015,4436613,4426613,0,83770,2,0,19,21,18.49,2,0,12,14,18.49,2,0,12,14,4825296.00,06/30/2018,0,0,0,0,06/30/2020,06/30/2020,POINT (-95.144697 43.141367)
"Traffix Devices, Inc. and Kulp Fairfield, Iowa Partners, L.L.C.",Jefferson,Fairfield,Performance Period,High Quality Jobs Program,19-HQJTC-029,06/21/2019,4766250,4766250,0,146913,5,0,12,17,20.72,5,0,12,17,20.72,0,0,0,0,0.00,06/30/2022,0,0,0,0,06/30/2020,06/30/2024,POINT (-91.965049 41.006634)
Bio Springer North America Corporation and Lesaffre Yeast Corporation,Linn,Cedar Rapids,Performance Period,High Quality Jobs Program,20-HQJTC-013,11/22/2019,29000000,29000000,0,623000,5,0,0,5,22.27,5,0,0,5,22.27,0,0,0,0,0.00,11/30/2022,0,0,0,0,06/30/2020,11/30/2024,POINT (-91.669808 41.978122)
The Scotts Manufacturing Company,Lee,Fort Madison,Performance Period,High Quality Jobs Program,18-HQJDF-050,05/18/2018,2658000,2658000,91612,100640,18,0,23,41,16.92,18,0,23,41,16.92,0,0,0,0,0.00,05/31/2021,0,0,0,0,06/30/2020,05/31/2023,POINT (-91.313494 40.630024)
"Cloverleaf Cold Storage Co., Mighty Cold Properties, and K-F Real Estate, LLC",Woodbury,Sioux City,Maintenance Period,High Quality Jobs Program,17-HQJTC-007,07/22/2016,18000000,18000000,0,405000,1,0,7,8,20.17,1,0,7,8,20.17,1,0,7,8,21654431.00,07/31/2019,0,0,0,0,06/30/2020,07/31/2021,POINT (-96.406436 42.496323)
Hormel Foods Corporation and Burke Marketing Corporation,Story,Nevada,Performance Period,High Quality Jobs Program,19-HQJTC-008,09/21/2018,150400000,15000000,0,10512000,52,0,158,210,24.95,52,0,158,210,24.95,0,0,0,0,0.00,09/30/2021,0,0,0,0,06/30/2020,09/30/2023,POINT (-93.452278 42.019648)
Camso Manufacturing USA Ltd.,Dubuque,Peosta,Performance Period,High Quality Jobs Program,17-HQJDF-045,04/21/2017,6372389,4504389,30400,191172,8,0,32,40,21.18,8,0,32,40,21.18,0,0,0,0,0.00,04/30/2020,0,0,0,0,06/30/2020,04/30/2022,POINT (-90.850406 42.448829)
"Iowa Premium Beef, LLC",Tama,Tama,Maintenance Period,High Quality Jobs Program,14-HQJTC-035,04/18/2014,48593441,48093441,0,4000000,120,0,0,120,15.42,120,0,0,120,15.42,120,0,0,120,51045303.00,04/30/2017,0,0,0,0,06/30/2020,04/30/2019,POINT (-92.576838 41.96377)
"Hy-Vee, Inc.",Polk,Ankeny,Performance Period,High Quality Jobs Program,18-HQJTC-003,07/21/2017,64390000,64390000,0,2130325,9,0,200,209,27.92,9,0,200,209,27.92,0,0,0,0,0.00,07/31/2020,0,0,0,0,06/30/2020,07/31/2022,POINT (-93.600414 41.72508)
"POET-DSM Marketing, LLC",Palo Alto,Emmetsburg,Performance Period,High Quality Jobs Program,17-HQJTC-037,02/17/2017,30830497,29330497,0,975355,6,0,4,10,19.38,6,0,4,10,19.38,0,0,0,0,0.00,02/28/2020,0,0,0,0,06/30/2020,02/28/2022,POINT (-94.681435 43.112898)
Precision Tank & Equipment Co.,Humboldt,Humboldt,Maintenance Period,Enterprise Zone,13-EZ-017,06/21/2013,3069000,3000000,0,382397,10,0,4,14,13.95,10,0,4,14,13.95,10,0,4,14,3927986.00,06/30/2018,0,0,0,0,06/30/2020,06/30/2020,POINT (-94.214548 42.721128)
Accu-Mold LLC,Polk,Ankeny,Maintenance Period,High Quality Jobs Program,15-HQJTC-035,02/20/2015,32000000,20000000,0,1680000,36,0,164,200,25.52,36,0,164,200,25.52,36,0,108,144,34725019.00,02/28/2018,0,0,0,0,06/30/2020,02/28/2020,POINT (-93.600414 41.72508)
3M Company,Marion,Knoxville,Performance Period,High Quality Jobs Program,18-HQJDF-030,01/19/2018,63100000,63100000,220000,2610000,30,21,0,51,20.76,30,21,0,51,20.76,0,0,0,0,0.00,01/31/2021,0,0,0,0,06/30/2020,01/31/2023,POINT (-93.109494 41.320727)
Frontier Natural Products Co-op,Benton,Norway,Performance Period,High Quality Jobs Program,18-HQJTC-020,10/20/2017,3380000,3180000,0,185700,1,7,1,9,24.91,1,7,1,9,24.91,0,0,0,0,0.00,10/31/2020,0,0,0,0,06/30/2020,10/31/2022,POINT (-91.919516 41.902886)
Winger Contracting Company,Wapello,Ottumwa,Maintenance Period,Enterprise Zone,08-EZ-032,04/17/2008,1147000,937000,0,112700,24,0,0,24,12.40,21,0,0,21,12.40,21,0,0,21,1411392.00,04/30/2011,0,0,0,0,06/30/2020,04/30/2021,POINT (-92.413173 41.023246)
East Penn Manufacturing Co.,Wayne,Corydon,Performance Period,High Quality Jobs Program,18-HQJDF-052,06/22/2018,171477684,171227684,1428000,1092074,204,0,0,204,15.14,0,0,0,204,15.14,0,0,0,0,0.00,06/30/2022,0,0,0,0,06/30/2020,06/30/2024,POINT (-93.318063 40.75842)
American Packaging Corporation,Story,Story City,Performance Period,High Quality Jobs Program,16-HQJDF-010,07/17/2015,44372622,44372622,470000,727503,94,0,0,94,23.21,94,0,0,94,23.21,0,0,0,0,0.00,07/31/2019,0,0,0,0,06/30/2020,07/31/2021,POINT (-93.591059 42.185863)
"Nordic Group of Companies, LLC, and its subsidiaries Seats Incorporated & Nordic Equity, LLC",Lucas,Chariton,Performance Period,High Quality Jobs Program,20-HQJTC-003,08/16/2019,5335000,5185000,0,221900,12,0,52,64,20.09,12,0,52,64,20.09,0,0,0,0,0.00,08/31/2022,0,0,0,0,06/30/2020,08/31/2024,POINT (-93.303492 41.014443)
"Upper Iowa Beef, LLC",Howard,Lime Springs,Performance Period,High Quality Jobs Program,20-HQJTC-004,09/20/2019,6997240,6997240,0,396412,20,0,55,75,21.73,20,0,55,75,21.73,0,0,0,0,0.00,09/30/2022,0,0,0,0,06/30/2020,09/30/2024,POINT (-92.285681 43.449017)
"Cottingham & Butler, Inc.",Dubuque,Dubuque,Maintenance Period,Enterprise Zone,07-EZ-021,10/19/2006,7667000,5030000,300000,623000,56,0,34,90,12.41,83,0,2,85,12.41,83,0,2,85,11891492.00,12/31/2012,0,0,0,0,06/30/2020,12/31/2022,POINT (-90.667314 42.505512)
"Innovative Injection Technologies, Inc.",Polk,West Des Moines,Performance Period,High Quality Jobs Program,16-HQJTC-063,06/17/2016,10870000,10690000,0,466800,6,0,30,36,26.72,6,0,30,36,26.72,0,0,0,0,0.00,06/30/2020,0,0,0,0,06/30/2020,06/30/2022,POINT (-93.713031 41.575505)
V-T Industries Inc.,Ida,Holstein,Performance Period,High Quality Jobs Program,17-HQJTC-021,10/21/2016,21002797,21002797,0,691066,4,0,56,60,19.51,4,0,56,60,19.51,0,0,0,0,0.00,10/31/2019,0,0,0,0,06/30/2020,10/31/2021,POINT (-95.544792 42.489295)
"Weiler, Inc.",Marion,Knoxville,Maintenance Period,High Quality Jobs Program,16-HQJDF-053,04/22/2016,8540000,5865000,500000,433000,117,0,0,117,19.49,117,0,0,117,19.49,117,0,0,117,8991546.00,04/30/2019,0,0,0,0,06/30/2020,04/30/2021,POINT (-93.109494 41.320727)
M.G. Waldbaum Company d/b/a Michael Foods Egg Products Company,Warren,Norwalk,Performance Period,High Quality Jobs Program,18-HQJTC-037,02/16/2018,85000000,85000000,0,3892450,17,0,151,168,24.38,17,0,151,168,24.38,0,0,0,0,0.00,02/28/2021,0,0,0,0,06/30/2020,02/28/2023,POINT (-93.674074 41.497011)
"Design Mill, Inc.",Dubuque,Dubuque,Performance Period,High Quality Jobs Program,13-HQJDF-042,06/21/2013,1265979,753579,80000,18620,16,0,0,16,19.31,16,0,0,16,19.31,0,0,0,0,0.00,06/30/2019,0,0,0,0,06/30/2020,06/30/2021,POINT (-90.667314 42.505512)
"Precision, Inc.",Kossuth,Algona,Performance Period,High Quality Jobs Program,17-HQJDF-008,08/19/2016,5123660,4698660,250000,139801,27,0,5,32,19.15,27,0,5,32,19.15,0,0,0,0,0.00,08/31/2019,0,0,0,0,06/30/2020,08/31/2021,POINT (-94.233015 43.069871)
Lesaffre Yeast Corporation,Linn,Cedar Rapids,Maintenance Period,High Quality Jobs Program,15-HQJTC-027,12/19/2014,6500000,5000000,0,152500,4,0,0,4,23.45,4,0,0,4,23.45,4,0,0,4,7495052.00,12/31/2017,0,0,0,0,06/30/2020,12/31/2019,POINT (-91.669808 41.978122)
"Cambridge Investment Group, Inc.",Jefferson,Fairfield,Maintenance Period,Enterprise Zone,08-EZ-020,01/17/2008,7315808,6611000,0,814850,46,0,51,97,12.21,46,0,51,97,12.21,46,0,51,97,6911000.00,01/31/2011,0,0,0,0,06/30/2020,01/31/2021,POINT (-91.965049 41.006634)
Novae Corp.,Page,Clarinda,Performance Period,High Quality Jobs Program,17-HQJDF-062,06/16/2017,3900000,3650000,300000,218000,73,0,1,74,15.41,73,0,1,74,15.41,0,0,0,0,0.00,06/30/2020,0,0,0,0,06/30/2020,06/30/2022,POINT (-95.032552 40.74215)
"The Printer, Inc.",Polk,Des Moines,Performance Period,High Quality Jobs Program,18-HQJTC-042,04/20/2018,13100000,13100000,0,672000,10,0,5,15,29.12,10,0,5,15,29.12,0,0,0,0,0.00,04/30/2021,0,0,0,0,06/30/2020,04/30/2023,POINT (-93.620309 41.588822)
Cascade Lumber Company,Dubuque,Cascade,Maintenance Period,High Quality Jobs Program,16-HQJTC-026,12/18/2015,4750000,1500000,0,78750,2,0,0,2,19.15,2,0,0,2,19.15,2,0,0,2,6261930.00,12/31/2018,0,0,0,0,06/30/2020,12/31/2020,POINT (-91.014813 42.298634)
"Cambridge Technologies, LLC",Sioux,Sioux Center,Maintenance Period,High Quality Jobs Program,16-HQJDF-014,08/21/2015,880000,820000,67500,30850,9,0,30,39,20.77,9,0,30,39,20.77,9,0,30,39,1893591.00,02/28/2019,0,0,0,0,06/30/2020,02/28/2021,POINT (-96.175468 43.075969)
Heartland Financial USA Inc.,Dubuque,Dubuque,Performance Period,High Quality Jobs Program,18-HQJDF-015,09/22/2017,2059306,1625000,80000,120715,20,0,11,31,22.37,20,0,11,31,22.37,0,0,0,0,0.00,09/30/2020,0,0,0,0,06/30/2020,09/30/2022,POINT (-90.667314 42.505512)
Iowa Historic Preservation Alliance,Henry,Mount Pleasant,Performance Period,Opportunities and Threats,10-OT-008,10/15/2009,1550000,0,200000,0,0,0,0,0,0.00,0,0,0,0,0.00,0,0,0,0,0.00,10/31/2013,0,0,0,0,06/30/2020,10/31/2015,POINT (-91.554839 40.965605)
East Penn Manufacturing Company,Fayette,Oelwein,Performance Period,High Quality Jobs Program,16-HQJDF-015,08/21/2015,70000000,64024684,1350000,3083481,350,0,0,350,13.55,270,0,0,270,13.55,0,0,0,0,0.00,09/30/2020,0,0,0,0,06/30/2020,09/30/2022,POINT (-91.911989 42.678527)
"Conagra Foods Packaged Foods, LLC",Lee,Fort Madison,Performance Period,High Quality Jobs Program,20-HQJTC-019,01/17/2020,31900000,31900000,0,1276000,14,0,77,91,17.09,14,0,77,91,17.09,0,0,0,0,0.00,01/31/2023,0,0,0,0,06/30/2020,01/23/2025,POINT (-91.313494 40.630024)
"ReadiFuels-Iowa, LLC",Sioux,Hull,Performance Period,High Quality Jobs Program,19-HQJTC-021,02/22/2019,58700000,58700000,0,2806500,27,0,4,31,20.47,27,0,4,31,20.47,0,0,0,0,0.00,02/28/2022,0,0,0,0,06/30/2020,02/28/2024,POINT (-96.133661 43.185786)
Cognizant Technology Solutions U.S. Corporation,Polk,Des Moines,Performance Period,High Quality Jobs Program,16-HQJDF-060,05/20/2016,10217991,6213169,613079,111192,116,0,898,1014,26.72,116,0,898,1014,26.72,0,0,0,0,0.00,05/31/2021,0,0,0,0,06/30/2020,05/31/2023,POINT (-93.620309 41.588822)
"HMA Group Holdings, LLC",Dallas,Waukee,Maintenance Period,High Quality Jobs Program,17-HQJTC-004,07/22/2016,8160257,1877621,0,987132,17,0,0,17,26.72,17,0,0,17,26.72,17,0,0,17,9588802.00,07/31/2019,0,0,0,0,06/30/2020,07/31/2021,POINT (-93.885632 41.611984)
"M. H. Eby, Inc. and TNL Development, LLC",Story,Story City,Performance Period,High Quality Jobs Program,19-HQJDF-003,09/21/2018,4675000,4675000,176000,323000,22,0,42,64,26.11,22,0,42,64,26.11,0,0,0,0,0.00,09/30/2021,0,0,0,0,06/30/2020,09/30/2023,POINT (-93.591059 42.185863)
"AWOL Outdoors, Inc. d/b/a CAMP365",Monroe,Albia,Performance Period,High Quality Jobs Program,19-HQJDF-004,01/25/2019,3546000,3546000,500000,214800,156,0,156,312,16.05,156,0,156,312,16.05,0,0,0,0,0.00,01/31/2022,0,0,0,0,06/30/2020,01/31/2024,POINT (-92.807111 41.026219)
"TrinityRail Maintenance Services, Inc.",Butler,Shell Rock,Performance Period,High Quality Jobs Program,19-HQJTC-024,05/17/2019,60000000,48950000,0,3495000,28,0,235,263,21.43,28,0,235,263,21.43,0,0,0,0,0.00,05/31/2022,0,0,0,0,06/30/2020,05/31/2024,POINT (-92.583205 42.710068)
Microsoft Corporation,Polk,West Des Moines,Performance Period,High Quality Jobs Program,14-HQJTC-028,04/18/2014,1126218400,1126218400,0,20256000,66,0,18,84,24.32,66,0,18,84,24.32,0,0,0,0,0.00,04/18/2021,0,0,0,0,06/30/2020,04/30/2023,POINT (-93.713031 41.575505)
